source_id,url,publisher,published_date,accessed_utc,perplexity_citation,notes
urn:source:jisem_journal__passwordless_banking_integrating_fido2,https://www.jisem-journal.com/index.php/journal/article/view/13639,JISEM Journal,2025-11,2026-02-08T00:00:00Z,[1],Financial institutions FIDO2 authentication transition
urn:source:rsisinternational__quantifying_internet_privacy_and_security,https://rsisinternational.org/journals/ijriss/articles/quantifying-internet-privacy-and-security-risks-in-authentication-recovery-channels/,RSIS International,unknown,2026-02-08T00:00:00Z,[2],Authentication recovery security risks
urn:source:it_koehler__password_security_and_new_nist,https://blog.it-koehler.com/en/Archive/5879,IT Koehler Blog,unknown,2026-02-08T00:00:00Z,[12],NIST phishing-resistant MFA guidelines
urn:source:wikipedia__dns_over_https,https://en.wikipedia.org/wiki/DNS_over_HTTPS,Wikipedia,unknown,2026-02-08T00:00:00Z,[13],DoH protocol definition
urn:source:kaspersky__password_standards_2024_requirements,https://www.kaspersky.co.uk/blog/2024-password-and-otp-requirements-nist-sp-800-63/28388/,Kaspersky,unknown,2026-02-08T00:00:00Z,[15],NIST password phishing resistance requirements
urn:source:level1techs__dns_over_https_rfc_8484,https://forum.level1techs.com/t/dns-over-https-rfc-8484-pros-cons-benefits-and-unforeseen-consequences/198956,Level1Techs Forum,unknown,2026-02-08T00:00:00Z,[16],DoH DoT privacy and integrity discussion
urn:source:nist__sp_800_63b_4_pdf,https://nvlpubs.nist.gov/nistpubs/SpecialPublications/NIST.SP.800-63B-4.pdf,NIST,2025,2026-02-08T00:00:00Z,[17],NIST SP 800-63B-4 official publication
urn:source:enzoic__nist_800_63b_rev_4,https://www.enzoic.com/blog/nist-sp-800-63b-rev4/,Enzoic,2025-08,2026-02-08T00:00:00Z,[23],NIST password security updates
urn:source:yubico__nist_sp_800_63_4,https://www.yubico.com/blog/nist-sp-800-63-4-what-the-new-phishing-resistant-definition-means-for-federal-agencies/,Yubico,2023,2026-02-08T00:00:00Z,[24],NIST phishing-resistant authentication definition
urn:source:ietf__rfc_9076_dns_privacy,https://datatracker.ietf.org/doc/rfc9076/,IETF,unknown,2026-02-08T00:00:00Z,[25],RFC 9076 DNS privacy considerations
urn:source:arxiv__comprehensive_survey_website_fingerprinting,https://arxiv.org/abs/2510.11804,arXiv,2025-10,2026-02-08T00:00:00Z,[26],Website fingerprinting attacks and defenses survey
urn:source:sciencedirect__rise_of_website_fingerprinting_tor,https://www.sciencedirect.com/science/article/abs/pii/S1084804523000012,ScienceDirect,2023,2026-02-08T00:00:00Z,[35],Website fingerprinting on Tor analysis
urn:source:cybaverse__vpns_not_as_secure,https://www.cybaverse.co.uk/resources/vpns-not-as-secure-as-they-might-seem,Cybaverse,2024-05,2026-02-08T00:00:00Z,[36],VPN security limitations
urn:source:proton__is_signal_safe,https://proton.me/blog/is-signal-safe,Proton,2025-12,2026-02-08T00:00:00Z,[37],Signal metadata exposure analysis
urn:source:nrl__measurement_genuine_tor_traces,unknown,U.S. Naval Research Laboratory,unknown,2026-02-08T00:00:00Z,[38],Tor website fingerprinting measurement
urn:source:protonmail_uservoice__encryption_all_metadata,https://protonmail.uservoice.com/forums/284483-proton-mail-calendar/suggestions/8390802-encryption-of-all-metadata,Proton Community,unknown,2026-02-08T00:00:00Z,[40],ProtonMail metadata encryption discussion
urn:source:protonvpn__vpn_myths,https://protonvpn.com/blog/vpn-myths,Proton VPN,2025-03,2026-02-08T00:00:00Z,[42],VPN capabilities and limitations
urn:source:baizaar__proton_mail_encrypted_email,https://baizaar.tools/proton-mail-encrypted-email-the-inbox-i-trust-2026/,Baizaar,2026-02,2026-02-08T00:00:00Z,[43],ProtonMail encryption features comparison
urn:source:arxiv__comprehensive_survey_wf_attacks,https://arxiv.org/html/2510.11804v1,arXiv,2025-10,2026-02-08T00:00:00Z,[44],Website fingerprinting comprehensive survey
urn:source:privacyguides__psa_vpns_compromise_privacy,https://discuss.privacyguides.net/t/psa-vpns-can-and-probably-do-compromise-your-privacy/30892,Privacy Guides Discussion,2025-09,2026-02-08T00:00:00Z,[45],VPN upstream network monitoring concerns
urn:source:getmailbird__email_metadata_undermines_privacy,https://www.getmailbird.com/how-email-metadata-undermines-privacy/,GetMailbird,2026,2026-02-08T00:00:00Z,[46],Email metadata privacy 2026 guide
urn:source:petsymposium__improved_open_world_fingerprinting,https://petsymposium.org/popets/2025/popets-2025-0123.pdf,PETS 2025,2025,2026-02-08T00:00:00Z,[47],Improved open-world fingerprinting threat
urn:source:ndss__comparative_study_vpn_perceptions,https://www.ndss-symposium.org/wp-content/uploads/usec2024-45-paper.pdf,NDSS/USEC 2024,2024,2026-02-08T00:00:00Z,[48],VPN utilization patterns comparative study
urn:source:reddit_tech_philippines__android_ios_security,https://www.reddit.com/r/Tech_Philippines/comments/1oscfc7/lets_settle_this_for_once_and_for_all_android_is/,Reddit r/Tech_Philippines,2025-11,2026-02-08T00:00:00Z,[58],Android iOS security comparison discussion
urn:source:dev74__password_manager_comparison_2025,https://www.dev74.com/en/blog-news/password-manager-comparison-2025,Dev74,2025-06,2026-02-08T00:00:00Z,[59],Password manager complete comparison 2025
urn:source:promon__ios_vs_android_security,https://promon.io/security-news/android-vs-ios-security,Promon,2024-07,2026-02-08T00:00:00Z,[61],iOS vs Android security comparison
urn:source:reddit_selfhosted__password_manager_hosting_2025,https://www.reddit.com/r/selfhosted/comments/1naljd8/benefits_of_hosting_a_password_manager_in_2025_vs/,Reddit r/selfhosted,2025-09,2026-02-08T00:00:00Z,[62],Self-hosted password manager benefits
urn:source:mckinsey__stablecoins_payments_infrastructure,https://www.mckinsey.com/industries/financial-services/our-insights/the-stable-door-opens-how-tokenized-cash-enables-next-gen-payments,McKinsey,2025-05,2026-02-08T00:00:00Z,[63],Stablecoins and tokenized payments infrastructure
urn:source:securitiesanalytics__cryptocurrency_traceability,https://securitiesanalytics.com/cryptocurrency_traceability/,Securities Analytics,2025-02,2026-02-08T00:00:00Z,[66],Cryptocurrency traceability analysis
urn:source:imf__cbdc_data_privacy,https://www.elibrary.imf.org/view/journals/063/2024/004/article-A001-en.xml,IMF,2024-08,2026-02-08T00:00:00Z,[69],CBDC data use and privacy protection
urn:source:meri_garden__metadata_protection_protocols,https://meri.garden/analysis-of-proposed-protocols-for-metadata-protection-and-decentralisation-in-secure-group-messaging,Meri Garden,2024-10,2026-02-08T00:00:00Z,[81],Secure group messaging metadata protection analysis
urn:source:mozilla__encrypted_client_hello,https://blog.mozilla.org/security/2021/01/07/encrypted-client-hello-the-future-of-esni-in-firefox/,Mozilla Security Blog,2021-01,2026-02-08T00:00:00Z,[82],ECH ESNI future in Firefox
urn:source:freemindtronic__browser_fingerprinting_tracking,https://freemindtronic.com/browser-fingerprinting-tracking/,Freemindtronic,2026-01,2026-02-08T00:00:00Z,[83],Browser fingerprinting metadata surveillance
urn:source:positive_intentions__p2p_signal_protocol,https://positive-intentions.com/blog/p2p-signal-protocol/,Positive Intentions,unknown,2026-02-08T00:00:00Z,[84],Signal Protocol P2P adaptation
urn:source:ietf__draft_ietf_tls_esni,https://datatracker.ietf.org/doc/draft-ietf-tls-esni/,IETF,unknown,2026-02-08T00:00:00Z,[85],TLS Encrypted Client Hello draft
urn:source:torproject__fingerprinting_protections,https://support.torproject.org/tor-browser/features/fingerprinting-protections/,Tor Project,unknown,2026-02-08T00:00:00Z,[86],Tor Browser fingerprinting protections
urn:source:petsymposium__ech_censorship_circumvention,https://petsymposium.org/foci/2025/foci-2025-0016.pdf,PETS/FOCI 2025,2025,2026-02-08T00:00:00Z,[88],ECH in censorship circumvention
urn:source:smartframe__browser_fingerprinting,https://smartframe.io/blog/browser-fingerprinting-everything-you-need-to-know/,Smartframe,2025-07,2026-02-08T00:00:00Z,[89],Browser fingerprinting comprehensive guide
urn:source:cisecurity__tls_ech_security_controls,https://www.cisecurity.org/insights/blog/security-control-changes-due-to-tls-encrypted-clienthello,CIS,2023-10,2026-02-08T00:00:00Z,[91],TLS ECH security control changes
urn:source:security_com__ech_rsac_2025,https://www.security.com/expert-perspectives/navigating-encrypted-client-hello-ech-insights-rsac-2025,Security.com,2025-04,2026-02-08T00:00:00Z,[94],ECH insights from RSAC 2025
urn:source:reddit_privatepackets__fde_showdown,https://www.reddit.com/r/PrivatePackets/comments/1m22iez/fulldisk_encryption_showdown_bitlocker_vs_luks_vs/,Reddit r/PrivatePackets,2025-07,2026-02-08T00:00:00Z,[104],Full-disk encryption comparison
urn:source:matrix_org__thoughts,https://matrix.org/category/thoughts/,Matrix.org,unknown,2026-02-08T00:00:00Z,[105],Matrix federated messaging thoughts
urn:source:wikipedia__qubes_os,https://en.wikipedia.org/wiki/Qubes_OS,Wikipedia,unknown,2026-02-08T00:00:00Z,[106],Qubes OS security-focused desktop OS
urn:source:dasroot__encrypted_messaging_comparison,https://dasroot.net/posts/2025/12/encrypted-messaging-signal-matrix-session-simplex/,Dasroot,2026-01,2026-02-08T00:00:00Z,[108],Encrypted messaging apps comparison
urn:source:hacklabg__qubes_os_security_isolation,https://www.hacklabg.net/wp-content/uploads/2023/05/Qubes-OS-Security-by-Isolation.pdf,Hacklab Greece,2023-05,2026-02-08T00:00:00Z,[109],Qubes OS security by isolation
urn:source:anarc_at__matrix_notes,https://anarc.at/blog/2022-06-17-matrix-notes/,Anarc.at,2022-06,2026-02-08T00:00:00Z,[111],Matrix metadata handling notes
urn:source:freemindtronic__email_metadata_privacy_eu,https://freemindtronic.com/email-metadata-privacy-eu-laws-datashielder-en/,Freemindtronic,unknown,2026-02-08T00:00:00Z,[114],Email metadata privacy EU laws
urn:source:linux_magazine__qubes_os_virtualization,http://www.linux-magazine.com/Online/Features/Qubes-OS-Build-in-Security-with-Virtualization,Linux Magazine,unknown,2026-02-08T00:00:00Z,[115],Qubes OS build-in security virtualization
urn:source:avoidthehack__secure_messaging_alternatives,https://www.avoidthehack.com/best-secure-messengers,Avoidthehack,unknown,2026-02-08T00:00:00Z,[117],Secure messaging alternatives to WhatsApp
urn:source:figshare__mfa_recovery_evaluation,https://figshare.com/articles/conference_contribution/_We_ve_Disabled_MFA_for_You_An_Evaluation_of_the_Security_and_Usability_of_Multi-Factor_Authentication_Recovery_Deployments/25304392/1/files/44724331.pdf,Figshare,unknown,2026-02-08T00:00:00Z,[125],MFA recovery security and usability evaluation
urn:source:simplelogin__email_forwarding,https://simplelogin.io/email-forwarding/,SimpleLogin,unknown,2026-02-08T00:00:00Z,[128],Private email forwarding service
urn:source:juniperresearch__virtual_cards_vs_physical,https://www.juniperresearch.com/resources/infographics/virtual-cards-vs-physical-cards-how-do-they-differ/,Juniper Research,unknown,2026-02-08T00:00:00Z,[129],Virtual cards vs physical cards comparison
urn:source:keepnetlabs__sim_swap_fraud_2025,https://keepnetlabs.com/blog/what-is-sim-swap-fraud,Keepnet Labs,2025-07,2026-02-08T00:00:00Z,[130],SIM swap fraud 2025 statistics
urn:source:proofpoint__sim_swapping,https://www.proofpoint.com/uk/threat-reference/sim-swapping,Proofpoint,unknown,2026-02-08T00:00:00Z,[133],SIM swapping attack definition prevention
urn:source:avoidthehack__email_aliasing,https://avoidthehack.com/email-aliasing,Avoidthehack,2025-01,2026-02-08T00:00:00Z,[134],Email aliasing privacy tool
urn:source:thomsonreuters__sim_swap_fraud_threat,https://www.thomsonreuters.com/en-us/posts/corporates/sim-swap-fraud/,Thomson Reuters,2025-08,2026-02-08T00:00:00Z,[136],SIM swap fraud growing threat
urn:source:privacyguides__private_payments,https://www.privacyguides.org/en/advanced/payments/,Privacy Guides,unknown,2026-02-08T00:00:00Z,[138],Private payments guide
urn:source:typewire__email_alias_service_guide,https://typewire.com/blog/read/2025-08-01-the-ultimate-guide-to-an-email-alias-service,Typewire,2025-08,2026-02-08T00:00:00Z,[140],Ultimate guide to email alias service
urn:source:rfc_editor__rfc_9230,https://www.rfc-editor.org/info/rfc9230,RFC Editor,unknown,2026-02-08T00:00:00Z,[146],Oblivious DNS over HTTPS RFC 9230
urn:source:arxiv__domain_name_encryption_privacy,https://arxiv.org/pdf/1911.00563.pdf,arXiv,2019-11,2026-02-08T00:00:00Z,[150],Assessing privacy benefits of domain name encryption
urn:source:ietf__rfc_7858,https://datatracker.ietf.org/doc/html/rfc7858,IETF,2016-05,2026-02-08T00:00:00Z,[156],RFC 7858 DNS over TLS specification
urn:source:trmlabs__monero_traceability,https://www.trmlabs.com/resources/blog/the-rise-of-monero-traceability-challenges-and-research-review,TRM Labs,2024-10,2026-02-08T00:00:00Z,[157],Monero traceability challenges research
urn:source:getmonero__traceability_response,https://www.getmonero.org/2018/03/29/response-to-an-empirical-analysis-of-traceability.html,GetMonero,2018-03,2026-02-08T00:00:00Z,[159],Monero response to traceability analysis
urn:source:bithide__tracking_privacy_coins,https://bithide.io/blog/all-posts/how-to-trace-monero-and-privacy-coins/,BitHide,2025-11,2026-02-08T00:00:00Z,[168],Tracking privacy coins and chains